{"cameraMode":{"drawMode":0,"name":"Shaded","section":"Shading Mode"},"sceneLighting":true,"audioPlay":false,"sceneViewState":{"showFog":true,"showMaterialUpdate":false,"showSkybox":true,"showFlares":true,"showImageEffects":true,"showParticleSystems":true},"in2DMode":false,"pivot":{"x":-15.689998626708985,"y":2.9260001182556154,"z":-0.014999985694885254},"rotation":{"x":-0.015309499576687813,"y":-0.00690320273861289,"z":0.0001100021690945141,"w":-0.9998830556869507},"size":1.586943507194519,"orthographic":true}